image_id,image_cote,image_type,emetteur,destinataire,date,image_lieu,sujet,url,image1,image2,image3,image4,image5,image6,image7,image8,image9,image10,image11,image12,image13,image14,image15
1,3 DTP 28.1.1,lettre,"Cropt, président du conseil de Martigny",Monsieur le président,08/05/1818,Martigny,"Cropt rapporte les propos du conseiller Mathey, qui pense que la barrière de glace cédera fin main ou début juin.",AEV-3-DTP-28-1-1,AEV-3-DTP-28-1-1_001.jpg,"AEV-3-DTP-28-1-1_002.jpg
	",,,,,,,,,,,,,
2,3 DTP 28.1.5,lettre,François Delacoste,Grand Bailli,10/05/1818,Monthey,Delacorte ne tient pas à faire partie de la commission qui supervise les travaux et demande au grand baillis de l'en dispenser.,AEV-3-DTP-28-1-5,AEV-3-DTP-28-1-5_001.jpg,,,,,,,,,,,,,,
3,3 DTP 28.1.7,lettre,François Delacoste et Indermatten,Grand Bailli,13/05/1818,Bagnes,"Les deux hommes se sont rendus sur place et font un compte-rendu de la situation et des travaux en cours.
Ils ne sont pas alarmés et ne pensent pas que la barrière se rompera.",AEV-3-DTP-28-1-7,AEV-3-DTP-28-1-7_001.jpg,AEV-3-DTP-28-1-7_002.jpg,,,,,,,,,,,,,
4,3 DTP 28.1.9,lettre,François Gard,"Philippe Morand (probablement), Président du dizain de Martigny",15/05/1818,Bagnes,"Les travaux avancent, F. Gard espère que si le temps ne se réchauffe pas trop, ils seront tiré d'affaires.
Il réclame la participation financière des dizains de Saint-Maurice et Monthey.",AEV-3-DTP-28-1-9,AEV-3-DTP-28-1-9_001.jpg,AEV-3-DTP-28-1-9_002.jpg,,,,,,,,,,,,,
5,3 DTP 28.5.1,rapport,"De Rivaz, Commissaire du gouvernement dans l'Entremont",-,21/09/1818,-,Rapport sur sa mission à Martigny et dans l'Entremont du 15.09.1818 au 21.09.1818,AEV-3-DTP-28-5-1,AEV-3-DTP-28-5-1_001.jpg,AEV-3-DTP-28-5-1_002.jpg,AEV-3-DTP-28-5-1_003.jpg,AEV-3-DTP-28-5-1_004.jpg,,,,,,,,,,,
6,3 DTP 28.5.2,rapport,"De Rivaz, Commissaire du gouvernement dans l'Entremont",-,18/09/1818,-,"Rapport final sur les opérations essentielles qu'il reste à faire dans les dizains de Martigny et Entremont par le commissaire du gouvernement.
En 15 points.",AEV-3-DTP-28-5-2,AEV-3-DTP-28-5-2_001.jpg,AEV-3-DTP-28-5-2_002.jpg,,,,,,,,,,,,,
7,3 DTP 28.1.14,lettre,"Philippe Morand, Président du dizain de Martigny",Grand Bailli,19/05/1818,Martigny,"Il a reçu une lettre de la commission qui explique qu'il y a de l'eau dans la galerie.
Il regrette que les commissaires de la commission se soient séparés, il craint que ce ne soit fatal.",AEV-3-DTP-28-1-14,AEV-3-DTP-28-1-14_001.jpg,AEV-3-DTP-28-1-14_002.jpg,,,,,,,,,,,,,
8,3 DTP 28.1.15,lettre,"Comission, Gross,  Fred Gard, Ribordy",Grand Bailli,20/05/1818,Bagnes,"Détails sur le marché conclu entre la comission et les ouvriers.
Les ouvriers ont besoin de bottes.",AEV-3-DTP-28-1-15,AEV-3-DTP-28-1-15_001.jpg,AEV-3-DTP-28-1-15_002.jpg,,,,,,,,,,,,,
9,3 DTP 28.1.17,lettre,"Gross, Gard, Ribordy",Grand Bailli,22/05/1818,Bagnes,Monthey refuse de verser l'argent. Les fonds ne sont pas suffisants.,AEV-3-DTP-28-1-17,AEV-3-DTP-28-1-17_001.jpg,AEV-3-DTP-28-1-17_002.jpg,,,,,,,,,,,,,
10,3 DTP 28.1.20,lettre,Venetz,-,27/05/1818,Bonatchiesse,"Venetz craint une catastrophe prochainement, des blocs de glace tombent dans le lac.
Les ouvriers sentent que leur vie est menacée.",AEV-3-DTP-28-1-20,AEV-3-DTP-28-1-20_001.jpg,AEV-3-DTP-28-1-20_002.jpg,,,,,,,,,,,,,
11,3 DTP 28.1.24,lettre,"Gross, Gard, Ribordy",Grand Bailli,28/05/1818,Bagnes,"Remerciement au Conseil d'Etat de forcer St-Maurice et Monthey à payerl eur part.
Les risques de rupture du glacier deviennent plus important.",AEV-3-DTP-28-1-24,AEV-3-DTP-28-1-24_001.jpg,AEV-3-DTP-28-1-24_002.jpg,AEV-3-DTP-28-1-24_003.jpg,,,,,,,,,,,,
12,3 DTP 28.1.27,lettre,"Philippe Morand, Président du dizain de Martigny",Grand Bailli,29/05/1818,Martigny,"Une alarme est donnée, la Dranse est très faible.",AEV-3-DTP-28-1-27,AEV-3-DTP-28-1-27_001.jpg,AEV-3-DTP-28-1-27_002.jpg,,,,,,,,,,,,,
13,3 DTP 28.2.3,lettre,"Commission centrale (Gross, Gard, Ribordy)",Grand Bailli,04/06/1818,Bagnes,"Avancement des travaux, répartition des dépenses déjà réalisées.",AEV-3-DTP-28-2-3,AEV-3-DTP-28-2-3_001.jpg,AEV-3-DTP-28-2-3_002.jpg,AEV-3-DTP-28-2-3_003.jpg,,,,,,,,,,,,
14,3 DTP 28.2.5,lettre,Venetz,-,09/06/1818,Mauvoisin,"Venetz est rappelé à Sion, il faut trouver un nouveau directeur des travaux.",AEV-3-DTP-28-2-5,AEV-3-DTP-28-2-5_001.jpg,AEV-3-DTP-28-2-5_002.jpg,,,,,,,,,,,,,
15,3 DTP 28.2.7,lettre,"Philippe Morand, Président du dizain de Martigny",Grand Bailli,11/06/1818,Martigny,"La commune de Bovernier rechigne à payer.
Morand veut que Venetz reste sur le glacier pour éviter la catastrophe.",AEV-3-DTP-28-2-7,AEV-3-DTP-28-2-7_001.jpg,AEV-3-DTP-28-2-7_002.jpg,,,,,,,,,,,,,
16,3 DTP 28.2.9,lettre,"Muston, maître des postes",Grand Bailli,13/06/1818,Sion,"Des rumeurs courent en Italie que la route du Simplon n'est pas sûre.
Muston prend des mesures pour faire taire ces rumeurs.",AEV-3-DTP-28-2-9,AEV-3-DTP-28-2-9_001.jpg,AEV-3-DTP-28-2-9_002.jpg,AEV-3-DTP-28-2-9_003.jpg,,,,,,,,,,,,
17,3 DTP 28.2.15,lettre,"Commission centrale (De Preux, Fred Gard, Venetz)",Grand Bailli,17/06/1818,Bagnes,"Jacob Aberlin a été constaté que le lac est bien vide.
La commission le recommande pour recevoir un permis de séjour. Il souhaite se fixer en Valais.",AEV-3-DTP-28-2-15,AEV-3-DTP-28-2-15_001.jpg,AEV-3-DTP-28-2-15_002.jpg,,,,,,,,,,,,,
18,3 DTP 28.2.16,lettre,Commission (De Preux),Grand Bailli,17/06/1818,Martigny,Dégâts causés à Martigny.,AEV-3-DTP-28-2-16,AEV-3-DTP-28-2-16_001.jpg,AEV-3-DTP-28-2-16_002.jpg,,,,,,,,,,,,,
19,3 DTP 28.2.17,lettre,"Roten, vice Grand Bailli",Grand Bailli,17/06/1818,Sion,"On tente de remplacer au plus vite le pont de la Bâtiaz, emporté par l'eau.",AEV-3-DTP-28-2-17,AEV-3-DTP-28-2-17_001.jpg,AEV-3-DTP-28-2-17_002.jpg,,,,,,,,,,,,,
20,3 DTP 28.2.18,procès-verbal,"Major fédéral, Docteur Bonvin",-,18/06/1818,Martigny,Reconnaissance des cadavres.,AEV-3-DTP-28-2-18,AEV-3-DTP-28-2-18_001.jpg,AEV-3-DTP-28-2-18_002.jpg,AEV-3-DTP-28-2-18_003.jpg,,,,,,,,,,,,
21,3 DTP 28.2.20,lettre,"Delasoie, Conseiller d'Etat",Grand Bailli,[18/06/1818],-,Etat des lieux après la catastrophe.,AEV-3-DTP-28-2-20,AEV-3-DTP-28-2-20_001.jpg,AEV-3-DTP-28-2-20_002.jpg,AEV-3-DTP-28-2-20_003.jpg,,,,,,,,,,,,
22,3 DTP 28.2.24,lettre,Roten,Grand Bailli,21/06/1818,Martigny,Avis au sujet des réclamations de deux voyageurs lésés par la débâcle.,AEV-3-DTP-28-2-24,AEV-3-DTP-28-2-24_001.jpg,AEV-3-DTP-28-2-24_002.jpg,,,,,,,,,,,,,
23,3 DTP 28.2.28,arrêté,Conseil d'Etat,-,22/06/1818,Martigny,Déclaration de la commission spéciale dirigée par les majors Zimmermann et d'Odet.,AEV-3-DTP-28-2-28,AEV-3-DTP-28-2-28_001.jpg,,,,,,,,,,,,,,
24,3 DTP 28.2.31,lettre,"[Charle d'Odet, Commissaire]","Grand Bailli, Vice Grand Bailli, Conseil d'Etat",22/06/1818,Le Châble,Reconstruction d'un pont entre Sembrancher et Vollèges.,AEV-3-DTP-28-2-31,AEV-3-DTP-28-2-31_001.jpg,AEV-3-DTP-28-2-31_002.jpg,AEV-3-DTP-28-2-31_003.jpg,AEV-3-DTP-28-2-31_004.jpg,AEV-3-DTP-28-2-31_005.jpg,,,,,,,,,,
25,3 DTP 28.2.32,lettre,"Charles d'Odet, Commissaire","Grand Bailli, Vice Grand Bailli, Conseil d'Etat",25/06/1818,Le Châble,"Retour des voies de communication entre les villages.
Organisation d'un endroit où les gens peuvent amener leurs dons.",AEV-3-DTP-28-2-32,AEV-3-DTP-28-2-32_001.jpg,AEV-3-DTP-28-2-32_002.jpg,AEV-3-DTP-28-2-32_003,,,,,,,,,,,,
26,3 DTP 28.2.34,arrêté,Conseil d'Etat,-,27/06/1818,-,"Création d'une commission de 5 membres, dont le grand châtelain du dizain de Conthey, pour décéder de tout ce qui a un rapport avec le cours de la Dranse.",AEV-3-DTP-28-2-34,AEV-3-DTP-28-2-34_001.jpg,AEV-3-DTP-28-2-34_002.jpg,,,,,,,,,,,,,
27,3 DTP 28.2.37,lettre,Jean Augustin Michaud,"Charles d'Odet, Commissaire",26/06/1818,Bovernier,"Remerciements au commissaire de s'occuper du sort de Bovernier.
Il délégue le chanoine Moret auprès du commissaire.","AEV-3-DTP-28-2-37
",AEV-3-DTP-28-2-37_001.jpg,AEV-3-DTP-28-2-37_002.jpg,,,,,,,,,,,,,
28,3 DTP 28.2.38,lettre,"Zimmerman, Commissaire",Grand Bailli,26/06/1818,Martigny,"La Dranse continue de dévaster la plaine.
Il réclame des hommes pour faire face aux destructions.",AEV-3-DTP-28-2-38,AEV-3-DTP-28-2-38_001.jpg,AEV-3-DTP-28-2-38_002.jpg,,,,,,,,,,,,,
29,3 DTP 28.2.39,arrêté,Conseil d'Etat,-,27/06/1818,Sion,Délégation de Joseph de Torrenté,AEV-3-DTP-28-2-39,"AEV-3-DTP-28-2-39_001.jpg

",,,,,,,,,,,,,,
30,3 DTP 28.2.41,lettre,"De Rivaz, Commissaire du gouvernement dans l'Entremont",Grand Bailli,28/06/1818,Martigny,,AEV-3-DTP-28-2-41,AEV-3-DTP-28-2-41_001.jpg,AEV-3-DTP-28-2-41_002.jpg,,,,,,,,,,,,,
31,3 DTP 28.2.42,lettre,"Zimmerman, Commissaire",Grand Bailli,28/06/1818,Martigny,"Mentionne l'endiguement de la Dranse, l'établissement d'une commission de secours pour recevoir et distribuer les dons. Il fait établir une boîte pour les dons.
Déblayement du bois et problème d'insalubrité.",AEV-3-DTP-28-2-42,AEV-3-DTP-28-2-42_001.jpg,AEV-3-DTP-28-2-42_002.jpg,,,,,,,,,,,,,
32,3 DTP 28.2.43,procès-verbal,Commission déléguée à la correction de la Dranse,-,27/06/1818,Martigny,"Réunion pour décider des corrections du cours de la Dranse.
Venetz a un projet. Après examination et visite sur place le projet est approuvé par la commission.",AEV-3-DTP-28-2-43,AEV-3-DTP-28-2-43_001.jpg,AEV-3-DTP-28-2-43_002.jpg,AEV-3-DTP-28-2-43_003.jpg,,,,,,,,,,,,
33,3 DTP 28.2.45,procès-verbal,Conseil d'Etat,-,30/06/1818,-,"Réunion pour décider des corrections du cours de la Dranse.
Venetz a un projet. Après examination et visite sur place le projet est approuvé par la commission.",AEV-3-DTP-28-2-45,AEV-3-DTP-28-2-45_001.jpg,AEV-3-DTP-28-2-45_002.jpg,AEV-3-DTP-28-2-45_003.jpg,,,,,,,,,,,,
34,3 DTP 28.2.46,lettre,"Joseph de Torrenté, commissaire",Grand Bailli,30/06/1818,-,"Les travaux n'avancent pas. Un conseiller critique le gouvernement et persuade les ouvriers de ne pas travailler.
Mesure pour la salubrité, vider les caves et rétablir les barrières de la Dranse.",AEV-3-DTP-28-2-46,AEV-3-DTP-28-2-46_001.jpg,AEV-3-DTP-28-2-46_002.jpg,,,,,,,,,,,,,
35,3 DTP 28.3.1,lettre,"Delasoie, Vice conseiller d'Etat",Grand Bailli,01/07/1818,Sembrancher,"Les communications entre Sembrancher et Martigny ne sont toujours pas rétablies.
Delasoie demande au gouvernement d'être le responsable de la correction de la Dranse.",AEV-3-DTP-28-3-1,AEV-3-DTP-28-3-1_001.jpg,AEV-3-DTP-28-3-1_002.jpg,,,,,,,,,,,,,
36,3 DTP 28.3.2,lettre,Le Président du conseil de la commune de Saxon,Grand Bailli,04/07/1818,Saxon,"Réclamation du Président contre le commissaire de Torrenté, au sujet des obligations de fournir des colliers pour les travaux de réparations des digues de la Dranse.",AEV-3-DTP-28-3-2,AEV-3-DTP-28-3-2_001.jpg,AEV-3-DTP-28-3-2_002.jpg,,,,,,,,,,,,,
37,3 DTP 28.3.3,lettre,"Joseph de Torrenté, commissaire",Conseil d'Etat,05/07/1818,Martigny,"Inventaire des pertes subies par Martigny (l'inventaire manque). 
Nouvelle irruption de la Dranse. Le Giétroz continue de s'effondrer.
La main d'oeuvre est présente, mais il n'y a pas de matériel.
Il se plaint de la réponse de Saxon à la demande d'aide, il fait envoyer les gendarmes.",AEV-3-DTP-28-3-3,AEV-3-DTP-28-3-3_001.jpg,AEV-3-DTP-28-3-3_002.jpg,AEV-3-DTP-28-3-3_003.jpg,,,,,,,,,,,,
38,3 DTP 28.1.10,lettre,"Philippe Morand, Président du dizain de Martigny",Grand Bailli,17/05/1818,Martigny,"Copie d'une lettre de Gard. La neige a interrompu les travaux et les ouvriers Bagnards sont moins cher que les ouvriers Italiens.
La galerie a bien avancé, mais il craint qu'il n'y ait plus assez de temps pour la terminer.
Les districts de Saint-Maurice et de Monthey ne veulent pas envoyer de députés à Bagnes.
Martigny fait tout ce qu'il peut pour éviter la catastrophe.",AEV-3-DTP-28-1-10,AEV-3-DTP-28-1-10_001.jpg,AEV-3-DTP-28-1-10_002.jpg,AEV-3-DTP-28-1-10_003.jpg,,,,,,,,,,,,
39,3 DTP 28.1.13,rapport,Un témoin occulaire,-,18/05/1818,-,"Rappel de l'histoire de la formation du lac, détails sur les travaux entrepris, sur la galerie et sur les ouvriers.",AEV-3-DTP-28-1-13,AEV-3-DTP-28-1-13_001.jpg,AEV-3-DTP-28-1-13_002.jpg,AEV-3-DTP-28-1-13_003.jpg,,,,,,,,,,,,
40,3 DTP 28.2.1,lettre,"Du Fay, Président du dizain de Monthey",Grand Bailli,02/06/1818,Monthey,"Monthey a envoyé 18 louis et un délégué sera choisi.
La fausse alarme ud 29 mai a fait perdre une journée de travail et à causer des embarras aux habitants.",AEV-3-DTP-28-2-1,AEV-3-DTP-28-2-1_001.jpg,AEV-3-DTP-28-2-1_002.jpg,,,,,,,,,,,,,
41,3 DTP 28.3.10,lettre,"Joseph de Torrenté, commissaire",Conseil d'Etat,08/07/1818,Sion,"Il est malade.
Il a payé un étranger M, Argand (?) pour ses travaux sur les digues de la Dranse.
Etat des dons reçus pour les habitants de Martigny.
Problème de salubrité.  Odeur infecte dans les campagnes.",AEV-3-DTP-28-3-10,AEV-3-DTP-28-3-10_001.jpg,AEV-3-DTP-28-3-10_002.jpg,,,,,,,,,,,,,
42,3 DTP 28.3.12,arrêté,Conseil d'Etat,-,08/07/1818,Sion,"Remplace le commissaire du gouvernement de Torrenté par Venetz, parce que le premier est malade.",AEV-3-DTP-28-3-12,AEV-3-DTP-28-3-12_001.jpg,AEV-3-DTP-28-3-12_002.jpg,,,,,,,,,,,,,
43,3 DTP 28.3.14,lettre,Venetz,Grand Bailli,09/07/1818,Martigny,"Etat de l'endiguement de la Dranse.
Il décrit le cours de la Dranse dans les lieux-dits suivants: les Condémines, les vignes d'Arbignon, le Bourg, la culée de la Croix, les Champs du Bourg, les Creusats (le Crosat), les Epineys, le Grand Glarier, le pont de la Bâtiaz et la Poudrière.
Evaluation provisoire: 27 morts (12 à Martigny) et 80 bâtiments détruits.",AEV-3-DTP-28-3-14,AEV-3-DTP-28-3-14_001.jpg,AEV-3-DTP-28-3-14_002.jpg,,,,,,,,,,,,,
44,3 DTP 28.3.16,lettre,Venetz,Grand Bailli,11/07/1818,Martigny,"Entretien avec un conseiller d'Etat [de Rivaz].
Le déblaiement de la grande rue de l'hôtel de l'Aigle au cimetière, le coût de ces travaux, l'odeur, la question de qui va payer les frais.
Transmet la liste des morts et des bâtiments détruits [manquant].",AEV-3-DTP-28-3-16,AEV-3-DTP-28-3-16_001.jpg,AEV-3-DTP-28-3-16_002.jpg,,,,,,,,,,,,,
45,3 DTP 28.3.17,lettre,"De Rivaz, Commissaire du gouvernement dans l'Entremont",Conseil d'Etat,12/07/1818,Sembrancher,"L'arrivée au couvent du Grand-Saint-Bernard de 17 personnes des officiers généraux et des ingénieurs de fortifications.
Décrit la route entre Martigny et Bovernier.",AEV-3-DTP-28-3-17,AEV-3-DTP-28-3-17_001.jpg,AEV-3-DTP-28-3-17_002.jpg,AEV-3-DTP-28-3-17_003.jpg,,,,,,,,,,,,
46,3 DTP 28.3.18,lettre,Venetz,Grand Bailli,14/07/1818,Martigny,"Déblaiement de la grande route devant l'hôtel de l'Aigle, problèmes d'encombrement avec les voitures.
Le président du dizain de Martigny a reçu l'argent pour les travaux.
Interdiction de ramasser les bois, mais ça empêche les labours.
Venetz veut rentrer à Sion.",AEV-3-DTP-28-3-18,AEV-3-DTP-28-3-18_001.jpg,AEV-3-DTP-28-3-18_002.jpg,,,,,,,,,,,,,
47,3 DTP 28.3.19,lettre,"De Rivaz, Commissaire du gouvernement dans l'Entremont",Conseil d'Etat,18/07/1818,Bagnes,"Difficultés entre Sembrancher et Orsières.
Situation difficile à Bagnes, 14 ponts détruits, la route à char est détruite à 6 endroits.
Détails de ce que les communes doivent sur les frais des travaux.
Réclame le retour de l'ingénieur.",AEV-3-DTP-28-3-19,AEV-3-DTP-28-3-19_001.jpg,AEV-3-DTP-28-3-19_002.jpg,AEV-3-DTP-28-3-19_003.jpg,AEV-3-DTP-28-3-19_004.jpg,,,,,,,,,,,
48,3 DTP 28.3.23,lettre,"Philippe Morand, Président du dizain de Martigny",Grand Bailli,23/07/1818,Martigny,"De nombreuses personnes viennent réclamer des passeports.
De faux inondés seraient aller chercher l'aumône.
La création d'un comité de bienfaisance est urgente.",AEV-3-DTP-28-3-23,AEV-3-DTP-28-3-23_001.jpg,AEV-3-DTP-28-3-23_002.jpg,,,,,,,,,,,,,
49,3 DTP 28.3.24,arrêté,Conseil d'Etat,-,24/07/1818,Sembrancher,13 articles sur les modalités des travaux. Arrêté par de Rivaz.,AEV-3-DTP-28-3-24,AEV-3-DTP-28-3-24_001.jpg,AEV-3-DTP-28-3-24_002.jpg,AEV-3-DTP-28-3-24_003.jpg,,,,,,,,,,,,
50,3 DTP 28.3.25,lettre,"De Rivaz, Commissaire du gouvernement dans l'Entremont",Conseil d'Etat,24/07/1818,Sembrancher,"Venetz a accompagné de la Linth au glacier, mais il a du le laisser à Madzeria, car il était trop fatigué.
Il faudrait des travaux préventifs au glacier pour éviter que la situation ne se reproduise.",AEV-3-DTP-28-3-25,AEV-3-DTP-28-3-25_001.jpg,AEV-3-DTP-28-3-25_002.jpg,AEV-3-DTP-28-3-25_003.jpg,AEV-3-DTP-28-3-25_004.jpg,,,,,,,,,,,
51,3 DTP 28.3.4,lettre,"Joseph de Torrenté, commissaire",Conseil d'Etat,05/07/1818,Martigny,"Proposition de modifier l'organisation des corvées et de passer à des hommes salariés.
Présente l'état des corvées de la semaine précédente (30.06-04.07) en hommes et en chars.",AEV-3-DTP-28-3-4,AEV-3-DTP-28-3-4_001.jpg,AEV-3-DTP-28-3-4_002.jpg,,,,,,,,,,,,,
52,3 DTP 28.3.5,lettre,"Du Fay, Président du dizain de Monthey",Grand Bailli,05/07/1818,Monthey,"L'envoi d'hommes pour les travaux est un problème pendant la saison des travaux à la campagne. 
Propose des ouvriers salariés plutôt que des journées de corvées.",AEV-3-DTP-28-3-5,AEV-3-DTP-28-3-5_001.jpg,AEV-3-DTP-28-3-5_002.jpg,,,,,,,,,,,,,
53,3 DTP 28.4.10,lettre,"De Rivaz, Commissaire du gouvernement dans l'Entremont",Grand Bailli,23/08/1818,Martigny,"Route entre Le Brocard et Bovernier.
Le sujet de la vente de bois se complique, les heures de foires de Martigny obligent les Entremontans à entrer dans les cabarets.",AEV-3-DTP-28-4-10,AEV-3-DTP-28-4-10_001.jpg,AEV-3-DTP-28-4-10_002.jpg,,,,,,,,,,,,,
54,3 DTP 28.4.1,lettre,"De Rivaz, Commissaire du gouvernement dans l'Entremont",Grand Bailli,01/08/1818,Bagnes,"Il faut intégrere le curé de Bagnes à la commission des secours, car Sembrancher et Martigny ont le leur.",AEV-3-DTP-28-4-1,AEV-3-DTP-28-4-1_001.jpg,AEV-3-DTP-28-4-1_002.jpg,AEV-3-DTP-28-4-1_003.jpg,,,,,,,,,,,,
55,3 DTP 28.4.11,lettre,"De Rivaz, Commissaire du gouvernement dans l'Entremont",Grand Bailli,23/08/1818,Martigny,"Le tracé de la route entre le Brocard et les Valettes a été approuvé par tous sauf la Combe: cela retarde les travaux.
Bovernier ne pourra pas réparer 200 toises de chemin et construire un pont.
La vente de bois à Martigny s'envenime encore.",AEV-3-DTP-28-4-11,AEV-3-DTP-28-4-11_001.jpg,AEV-3-DTP-28-4-11_002.jpg,,,,,,,,,,,,,
56,3 DTP 28.4.5,rapport,"De Rivaz, Commissaire du gouvernement dans l'Entremont",Conseil d'Etat,15/08/1818,Martigny,Rapport des ses activités entre le 9 juillet et le 11 août à Martigny et en Entremont.,AEV-3-DTP-28-4-5,AEV-3-DTP-28-4-5_001.jpg,AEV-3-DTP-28-4-5_002.jpg,AEV-3-DTP-28-4-5_003.jpg,AEV-3-DTP-28-4-5_004.jpg,AEV-3-DTP-28-4-5_005.jpg,AEV-3-DTP-28-4-5_006.jpg,AEV-3-DTP-28-4-5_007.jpg,AEV-3-DTP-28-4-5_008.jpg,,,,,,,
57,3 DTP 28.4.9,rapport,"De Rivaz, Commissaire du gouvernement dans l'Entremont",-,21/08/1818,Sion,Rapport de la vision locale faite au glacier soit à la barre de glace au-dessous de Plan Durand en juillet 1818.,AEV-3-DTP-28-4-9,AEV-3-DTP-28-4-9_001.jpg,AEV-3-DTP-28-4-9_002.jpg,AEV-3-DTP-28-4-9_003.jpg,AEV-3-DTP-28-4-9_004.jpg,AEV-3-DTP-28-4-9_005.jpg,AEV-3-DTP-28-4-9_006.jpg,AEV-3-DTP-28-4-9_007.jpg,AEV-3-DTP-28-4-9_008.jpg,,,,,,,
58,3 DTP 28.6.13,état,"Delapierre, Vice président",-,11/10/1818,Saint-Maurice,"Etat des fournitures et journées faites par le dizain et la bourgeoisie de Saint-Maurice pour les  travaux du Giétroz et les digues de la Dranse du 31.05 au 22.06. 
Liste par date, détail des travaux et prix des travaux.
Liste nominative des hommes d'Evionnaz.",AEV-3-DTP-28-6-13,AEV-3-DTP-28-6-13_001.jpg,AEV-3-DTP-28-6-13_002.jpg,,,,,,,,,,,,,
59,3 DTP 28.7.1/6,lettre,"Philippe Morand, Président du dizain de Martigny",Grand Bailli,07/10/1818,Martigny,"Expertise pour la construction d'une galerie en bois au glacier du Giétroz.
Decision de creuser un canal en terre au pied du Mauvoisin.",AEV-3-DTP-28-7-1-6,AEV-3-DTP-28-7-1-6_001.jpg,AEV-3-DTP-28-7-1-6_002.jpg,,,,,,,,,,,,,
60,3 DTP 28.7.1/7,lettre,"Philippe Morand, Président du dizain de Martigny",Grand Bailli,13/10/1818,Martigny,"Adjudication des travaux pour creuser le canal du Giétroz.
Les entrepreneurs sont nommés.",AEV-3-DTP-28-7-1-7,AEV-3-DTP-28-7-1-7_001.jpg,AEV-3-DTP-28-7-1-7_002.jpg,,,,,,,,,,,,,
61,3 DTP 28.7.1/8,lettre,"Commission centrale (Gross, Gard, Ribordy)",Grand Bailli,18/10/1818,Martigny,"Compte des recettes et dépenses relatifs aux travaux exécutés au glacier du Giétroz en mai et juin 1818. 
Les recettes sont comptabilisées par commune.
Total recette = 3514,70
Total dépense = 4411,60",AEV-3-DTP-28-7-1-8,AEV-3-DTP-28-7-1-8_001.jpg,AEV-3-DTP-28-7-1-8_002.jpg,,,,,,,,,,,,,
62,3 DTP 28.8,registre,-,-,-,-,"Registre des lettres écrites et reçues, relatives à l'inondation du 16 juin 1818.",AEV-3-DTP-28-8,AEV-3-DTP-28-8-p13_003,,,,,,,,,,,,,,
63,3 DTP 29.1.1/10,lettre,"Cropt, président du conseil de Martigny",Grand Bailli,23/07/1818,Martigny,"Le conseil d'Etat exige la vente des bois chariés par la débâcle. Qu'en est-il du déblaiement des terres?
25 morts à Martigny, il rend l'""Entremont"" responsable.",AEV-3-DTP-29-1-1-10,AEV-3-DTP-29-1-1-10_001.jpg,AEV-3-DTP-29-1-1-10_002.jpg,,,,,,,,,,,,,
64,3 DTP 29.1.1/11,lettre,François Delacoste,Grand Bailli,28/07/1818,Monthey,"Il présidera à la vente des bois, comme on le lui a demandé.",AEV-3-DTP-29-1-1-11,AEV-3-DTP-29-1-1-11_001.jpg,,,,,,,,,,,,,,
65,3 DTP 29.1.1/14,lettre,François Delacoste,Grand Bailli,02/08/1818,Monthey,Vente de bois,AEV-3-DTP-29-1-1-14,AEV-3-DTP-29-1-1-14_001.jpg,AEV-3-DTP-29-1-1-14_002.jpg,,,,,,,,,,,,,
66,3 DTP 29.1.1/16,lettre,"Fred Gard, Président du dizain d'Entremont",Grand Bailli,16/08/1818,Bagnes,Entremont ne veut pas laisser le bois de la débâcle à Martigny.,AEV-3-DTP-29-1-1-16,AEV-3-DTP-29-1-1-16_001.jpg,AEV-3-DTP-29-1-1-16_002.jpg,AEV-3-DTP-29-1-1-16_003.jpg,AEV-3-DTP-29-1-1-16_004.jpg,,,,,,,,,,,
67,3 DTP 29.1.1/9,lettre,"Philippe Morand, Président du dizain de Martigny",Grand Bailli,19/07/1818,Martigny,"La taxe des experts concernant le bois transporté par la Dranse s'élève à 7162.-.
Ces bois ont causé de grands dégâts aux arbres fruitiers.",AEV-3-DTP-29-1-1-9,AEV-3-DTP-29-1-1-9_001.jpg,AEV-3-DTP-29-1-1-9_002.jpg,,,,,,,,,,,,,
68,3 DTP 29.2.2,lettre,Eugène Courten,Grand Bailli,15/07/1818,Sion,"Il accepte sa nomination au Comité de bienfaisance, mais il veut savoir s'il peut aller en cure à Loèche avant.",AEV-3-DTP-29-2-2,AEV-3-DTP-29-2-2_001.jpg,AEV-3-DTP-29-2-2_002.jpg,,,,,,,,,,,,,
69,3 DTP 29.2.3,lettre,"Darbellay, Prieur de Martigny",Grand Bailli,16/07/1818,Martigny,Il accepte sa nomination au Comité de bienfaisance.,AEV-3-DTP-29-2-3,AEV-3-DTP-29-2-3_001.jpg,,,,,,,,,,,,,,
70,3 DTP 29.2.4,lettre,"Gallay, Curé de Saint-Maurice",Grand Bailli,20/07/1818,Saint-Maurice,Il accepte sa nomination au Comité de bienfaisance.,AEV-3-DTP-29-2-4,AEV-3-DTP-29-2-4_001.jpg,AEV-3-DTP-29-2-4_002.jpg,,,,,,,,,,,,,
71,3 DTP 29.2.5,lettre,"Genoud, prévôt du Grand-Saint-Bernard",Grand Bailli,27/07/1818,Saint-Bernard,"Il refuse de prendre la présidence du Comité de bienfaisance, mais veut bien entre être membre à partir d'octobre.",AEV-3-DTP-29-2-5,AEV-3-DTP-29-2-5_001.jpg,AEV-3-DTP-29-2-5_002.jpg,,,,,,,,,,,,,
72,3 DTP 29.2.6,lettre,"Genoud, prévôt du Grand-Saint-Bernard",Grand Bailli,03/08/1818,Sembrancher,Il accepte de prendre la présidence du Comité de bienfaisance.,AEV-3-DTP-29-2-6,AEV-3-DTP-29-2-6_001.jpg,,,,,,,,,,,,,,
73,3 DTP 29.2.1,lettre,François Delacoste,Grand Bailli,07/07/1818,Monthey,"Il accepte sa nomination au Comité de bienfaisance, mais ne pourra pas de déplacer à Martigny, parce que son épouse est malade.",AEV-3-DTP-29-2-1,AEV-3-DTP-29-2-1_001.jpg,,,,,,,,,,,,,,
74,3 DTP 29.2.7,lettre,"Genoud, prévôt du Grand-Saint-Bernard",Grand Bailli,04/08/1818,Martigny,Il remercie le Conseil d'Etat d'avoir accepté le curé de Bagnes dans le comité,AEV-3-DTP-29-2-7,AEV-3-DTP-29-2-7_001.jpg,,,,,,,,,,,,,,
75,3 DTP 29.2.8,lettre,"Berchtold, Curé",Grand Bailli,05/08/1818,-,,AEV-3-DTP-29-2-8,AEV-3-DTP-29-2-8_001.jpg,AEV-3-DTP-29-2-8_002.jpg,,,,,,,,,,,,,
76,3 DTP 29.2.9,lettre,"Barman, Curé de Bagnes",Grand Bailli,05/08/1818,Bagnes,Il accepte sa nomination au Comité de bienfaisance.,AEV-3-DTP-29-2-9,AEV-3-DTP-29-2-9_001.jpg,,,,,,,,,,,,,,
77,3 DTP 29.2.10,lettre,"Vautier, vicaire de Monthey",Grand Bailli,12/08/1818,Morgins,Il accepte sa nomination au Comité de bienfaisance.,AEV-3-DTP-29-2-10,AEV-3-DTP-29-2-10_001.jpg,AEV-3-DTP-29-2-10_002.jpg,,,,,,,,,,,,,
78,3 DTP 29.2.11,lettre,"Genoud, prévôt du Grand-Saint-Bernard",Grand Bailli,24/09/1818,Sembrancher,"Il a emprunté 2000.- à Monsieur Delasoie pour les secours les plus urgents.
Il serait bien que des familles aisées prennent les enfants à leur charge.
Le duché de Turin pourrait fournir du maïs.",AEV-3-DTP-29-2-11,AEV-3-DTP-29-2-11_001.jpg,AEV-3-DTP-29-2-11_002.jpg,,,,,,,,,,,,,
79,3 DTP 29.2.12,lettre,"Genoud, prévôt du Grand-Saint-Bernard",Grand Bailli,03/10/1818,Martigny,Il a distribué de l'argent à ceux qui ont perdu leur maison. Un grand nombre de personne ont perdu leur récolte.,AEV-3-DTP-29-2-12,AEV-3-DTP-29-2-12_001.jpg,,,,,,,,,,,,,,
80,3 DTP 29.2.13,lettre,François Delacoste,Grand Bailli,11/02/1819,Monthey,"Il souhaite démissionner du Comité de bienfaisance.
Mésentente avec Bridel.",AEV-3-DTP-29-2-13,AEV-3-DTP-29-2-13_001.jpg,AEV-3-DTP-29-2-13_002.jpg,,,,,,,,,,,,,
81,3 DTP 29.2.14,lettre,"Genoud, prévôt du Grand-Saint-Bernard",Grand Bailli,11/06/1820,Lens,"Il lui addresse les comptes du Comité de bienfaisance.
Il demande à ce que le Conseil d'Etat témoigne de la gratitude à M. Delacoste.",AEV-3-DTP-29-2-14,AEV-3-DTP-29-2-14_001.jpg,,,,,,,,,,,,,,
82,3 DTP 29.2.15,compte,Comité de bienfaisance,-,1820,-,"Compte rendu par le Comité de bienfaisance.
Publié par Antoine Advocat à Sion.
1820",AEV-3-DTP-29-2-15,AEV-3-DTP-29-2-15_000.jpg,AEV-3-DTP-29-2-15_001.jpg,AEV-3-DTP-29-2-15_002.jpg,AEV-3-DTP-29-2-15_003.jpg,AEV-3-DTP-29-2-15_004.jpg,AEV-3-DTP-29-2-15_005.jpg,AEV-3-DTP-29-2-15_006.jpg,AEV-3-DTP-29-2-15_007.jpg,AEV-3-DTP-29-2-15_008.jpg,AEV-3-DTP-29-2-15_009.jpg,AEV-3-DTP-29-2-15_010.jpg,AEV-3-DTP-29-2-15_011.jpg,AEV-3-DTP-29-2-15_012.jpg,AEV-3-DTP-29-2-15_013.jpg,AEV-3-DTP-29-2-15_014.jpg
83,3 DTP 29.3.1/2,arrêté,Conseil d'Etat,Toutes les communes de la République,20/07/1818,-,"Adressé à toutes les communes Valais.
Collecte générale pour venir en aide aux communes touchées.",AEV-3-DTP-29-3-1-2,AEV-3-DTP-29-3-1-2_001.jpg,,,,,,,,,,,,,,
84,3 DTP 29.3.2/1,lettre,"Genoud, prévôt du Grand-Saint-Bernard",Grand Bailli,27/10/1818,Martigny,Lettre pour lui dire qu'il lui envoie la liste des enfants pauvres des communes victimes de l'inondation.,AEV-3-DTP-29-3-2-1,AEV-3-DTP-29-3-2-1_001.jpg,,,,,,,,,,,,,,
85,3 DTP 29.3.2/2,liste,"Genoud, prévôt du Grand-Saint-Bernard",Grand Bailli,28/10/1818,-,"Liste des enfants à placer, par commune.",AEV-3-DTP-29-3-2-2,AEV-3-DTP-29-3-2-2_001.jpg,AEV-3-DTP-29-3-2-2_002.jpg,,,,,,,,,,,,,
86,3 DTP 29.4.1,lettre,"Delasoie, Député à la Diète",Grand Bailli,-,-,"Il encourage le Grand Bailli à faire une demande d'aide officielle aux autres cantons.
Il lui donne des idées pour le Comité de bienfaisance.",AEV-3-DTP-29-4-1,AEV-3-DTP-29-4-1_001.jpg,AEV-3-DTP-29-4-1_002.jpg,,,,,,,,,,,,,
87,3 DTP 29.4.2,lettre,"Delasoie, Député à la Diète",Grand Bailli,07/07/1818,Berne,"Lors de l'ouverture de la Diète, on a parlé de la catastrophe qui a touché le Valais.
Il insiste encore pour une relation officielle.",AEV-3-DTP-29-4-2,AEV-3-DTP-29-4-2_001.jpg,AEV-3-DTP-29-4-2_002.jpg,,,,,,,,,,,,,
88,3 DTP 29.8.2/15,rapport,"Trechsel, de Charpentier, de la Linth",-,1820,-,Rapport de la Commission nommée par le gouvernement du Valais pour examiner la situation de la vallée de Bagnes à l'égard des mesures de sûreté à prendre contre les effets du glacier inférieur de Giétroz appuyé au Mauvoisin.,AEV-3-DTP-29-8-2-15,trop,,,,,,,,,,,,,,
89,3 DTP 30.1.1/5,lettre,"Philippe Morand, Président du dizain de Martigny",Grand Bailli,05/07/1818,Martigny,"Estimation des dommages.
Etat des batiments qui ont été détruits ou endommagés.",AEV-3-DTP-30-1-1-5,AEV-3-DTP-30-1-1-5_001.jpg,AEV-3-DTP-30-1-1-5_002.jpg,AEV-3-DTP-30-1-1-5_003.jpg,AEV-3-DTP-30-1-1-5_004.jpg,,,,,,,,,,,
90,3 DTP 30.1.2/10,lettre,François Delacoste,Trésorier de l'Etat du Valais,07/03/1819,Martigny,"Il veut quitter le Comité de bienfaisance, mais le prévôt insiste pour qu'il poursuive l'inventaire des pertes subies.
Reçu du trésorié du Comité de bienfaisance, le prieur de Martign, pour les sommes verées par la Trésorerie de l'Etat du Valais.",AEV-3-DTP-30-1-2-10,AEV-3-DTP-30-1-2-10_001.jpg,AEV-3-DTP-30-1-2-10_002.jpg,,,,,,,,,,,,,
91,3 DTP 30.2.1/1,lettre,"Fred Gard, Président du dizain d'Entremont",Conseil communal de Vollèges,21/06/1818,Bagnes,"C'est la commune de Vollèges qui supportera les frais de reconstruction du pont, car elle n'a pas trop souffert.",AEV-3-DTP-30-2-1-1,AEV-3-DTP-30-2-1-1_001.jpg,AEV-3-DTP-30-2-1-1_002.jpg,,,,,,,,,,,,,
92,3 DTP 30.2.1/3,note,"Fred Gard, Président du dizain d'Entremont",Conseil communal de Vollèges,21/06/1818,Bagnes,Notes concernant les victimes et les rescapés de la débâcle.,AEV-3-DTP-30-2-1-3,AEV-3-DTP-30-2-1-3_001.jpg,AEV-3-DTP-30-2-1-3_002.jpg,,,,,,,,,,,,,
93,3 DTP 30.2.2/7,lettre,Venetz,"Entrepreneur ""italien""",11/09/1818,Sion,Il est chargé de rétablir le canal construit devant le glacier du Giétroz,AEV-3-DTP-30-2-2-7,AEV-3-DTP-30-2-2-7_001.jpg,AEV-3-DTP-30-2-2-7_002.jpg,,,,,,,,,,,,,
94,3 DTP 30.2.2/9,lettre,"Fred Gard, Président du dizain d'Entremont",Grand Bailli,21/09/1819,Bagnes,Il peine à trouver un directeur des travaux,AEV-3-DTP-30-2-2-9,AEV-3-DTP-30-2-2-9_001.jpg,AEV-3-DTP-30-2-2-9_002.jpg,,,,,,,,,,,,,
95,3 DTP 30.3.2/1,rapport,Conseil d'Etat,-,28/11/1818,Sion,"Rapport sur l'inondation. Récit des mesures prises par le gouvernement pour éviter la catastrophe, les signaux mis en place, la négligence de Bagnes , la liste des étrangers indemnisés, la solidarité des Anglais et des autres cantons.",AEV-3-DTP-30-3-2-1,AEV-3-DTP-30-3-2-1_001.jpg,AEV-3-DTP-30-3-2-1_002.jpg,AEV-3-DTP-30-3-2-1_003.jpg,AEV-3-DTP-30-3-2-1_004.jpg,AEV-3-DTP-30-3-2-1_005.jpg,AEV-3-DTP-30-3-2-1_006.jpg,,,,,,,,,
96,3 DTP 30.3.2/4,rapport,Grand Bailli,-,26/11/1818,Sion,Rapport de la Diète de décembre 1829 à propos des mesures prises prouvisoirement au glacier du Giétroz.,AEV-3-DTP-30-3-2-4,AEV-3-DTP-30-3-2-4_001.jpg,AEV-3-DTP-30-3-2-4_002.jpg,AEV-3-DTP-30-3-2-4_003.jpg,AEV-3-DTP-30-3-2-4_004.jpg,,,,,,,,,,,
97,3 DTP 30.3.3/3,lettre,"Fred Gard, Président du dizain d'Entremont",Grand Bailli,08/08/1818,Bagnes,Polémique sur l'utilité des travaux effectués au Giétroz.,AEV-3-DTP-30-3-3-3,AEV-3-DTP-30-3-3-3_001.jpg,AEV-3-DTP-30-3-3-3_002.jpg,,,,,,,,,,,,,
98,3 DTP 31.1.1/1,lettre,Lady Smithe,Grand Bailli,25/06/1818,Martigny,Compte des pertes subies: 30 livres sterling,AEV-3-DTP-31-1-1-1,AEV-3-DTP-31-1-1-1_001.jpg,,,,,,,,,,,,,,
99,3 DTP 31.1.1/2,lettre,William Guiness,Grand Bailli,25/06/1818,-,Liste des objets perdus dans l'inondation avec leur prix.,AEV-3-DTP-31-1-1-2,AEV-3-DTP-31-1-1-2_001.jpg,AEV-3-DTP-31-1-1-2_002.jpg,,,,,,,,,,,,,
100,3 DTP 31.1.1/3,liste,-,-,-,-,"Liste des étrangers ayant subi une perte lors de la catastrophe du Giétroz, 4 noms.",AEV-3-DTP-31-1-1-3,AEV-3-DTP-31-1-1-3_001.jpg,,,,,,,,,,,,,,
101,3 DTP 31.1.1/4,lettre,William Guiness,Grand Bailli,08/07/1818,Genève,Lettre de William Guinness et de son banquier pour l'indemnisation des biens perdus.,AEV-3-DTP-31-1-1-4,AEV-3-DTP-31-1-1-4_001.jpg,AEV-3-DTP-31-1-1-4_002.jpg,,,,,,,,,,,,,
102,3 DTP 31.1.1/5,lettre,"Caladrini, banquier genevois",Grand Bailli,13/07//1818,Genève,Réclamation de remboursement des pertes d'un touriste Irlandais.,AEV-3-DTP-31-1-1-5,AEV-3-DTP-31-1-1-5_001.jpg,,,,,,,,,,,,,,
103,3 DTP 31.1.1/6,lettre,Touriste irlandais,Grand Bailli,09/08/1818,Dublin,Les rembourseements prévus ne couvrent que les 2/3 de ce qu'il a perdu et il voudrait recevoir la totalité.,AEV-3-DTP-31-1-1-6,AEV-3-DTP-31-1-1-6_001.jpg,AEV-3-DTP-31-1-1-6_002.jpg,,,,,,,,,,,,,
104,3 DTP 31.2.4/1,lettre,de Mülinen,Grand Bailli,23/06/1818,Berne,Il est désolé d'apprendre la débacle et il en a parlé à la Diète.,AEV-3-DTP-31-2-4-1,AEV-3-DTP-31-2-4-1_001.jpg,AEV-3-DTP-31-2-4-1_002.jpg,,,,,,,,,,,,,
105,3 DTP 31.2.6/1,lettre,Conseil d'Etat de Genève,"Grand Bailli, Vice Grand Bailli, Conseil d'Etat",04/06/1818,Genève,L'avis visant à rassurer les voyageurs sur les conditions en Valais a été distribué.,AEV-3-DTP-31-2-6-1,AEV-3-DTP-31-2-6-1_001.jpg,AEV-3-DTP-31-2-6-1_002.jpg,,,,,,,,,,,,,
106,3 DTP 31.2.6/5,lettre,Conseil d'Etat de Genève,"Grand Bailli, Vice Grand Bailli, Conseil d'Etat",19/11/1818,Genève,"Ils autorisent le Bailli à utiliser le quart de la somme donnée pour construire une galerie d'écoulement des eaux, pour éviter qu'une catastrophe ne se reproduise.",AEV-3-DTP-31-2-6-5,AEV-3-DTP-31-2-6-5_001.jpg,AEV-3-DTP-31-2-6-5_002.jpg,AEV-3-DTP-31-2-6-5_003.jpg,,,,,,,,,,,,
107,3 DTP 31.2.10/2,lettre,Gouverneur de Neuchâtel,Grand Bailli,22/09/1818,Neuchâtel,Don de la collecte faite pour les victimes de l'inondation,AEV-3-DTP-31-2-10-2,AEV-3-DTP-31-2-10-2_001.jpg,AEV-3-DTP-31-2-10-2_002.jpg,,,,,,,,,,,,,
108,3 DTP 31.2.10/3,lettre,Secrétaire de la Chancellerie d'Etat de Neuchâtel,"Grand Bailli, Vice Grand Bailli, Conseil d'Etat",26/09/1818,Neuchâtel,Don d'une caissette emballée contenant 500 louis ou 8400 livres.,AEV-3-DTP-31-2-10-3,AEV-3-DTP-31-2-10-3_001.jpg,AEV-3-DTP-31-2-10-3_002.jpg,,,,,,,,,,,,,
109,3 DTP 31.2.10/4,lettre,Gouverneur de Neuchâtel,Grand Bailli,16/09/1818,Neuchâtel,"Ils autorisent le Bailli à utiliser le quart de la somme donnée pour construire une galerie d'écoulement des eaux, pour éviter qu'une catastrophe ne se reproduise.",AEV-3-DTP-31-2-10-4,AEV-3-DTP-31-2-10-4_001.jpg,AEV-3-DTP-31-2-10-4_002.jpg,,,,,,,,,,,,,
110,3 DTP 31.2.19/1,lettre,Conseil d'Etat du canton de Vaud,"Grand Bailli, Vice Grand Bailli, Conseil d'Etat",14/05/1818,Lausanne,"Ils ont envoyé Monsieur de Charpentier, directeur des Mines et Salines, sur les travaux du Giétroz.",AEV-3-DTP-31-2-19-1,AEV-3-DTP-31-2-19-1_001.jpg,AEV-3-DTP-31-2-19-1_002.jpg,,,,,,,,,,,,,
111,3 DTP 31.2.19/6,lettre,Conseil d'Etat du canton de Vaud,"Grand Bailli, Vice Grand Bailli, Conseil d'Etat",26/06/1818,Lausanne,Ils vont organiser une collecte pour les sinistrés,AEV-3-DTP-31-2-19-6,AEV-3-DTP-31-2-19-6_001.jpg,,,,,,,,,,,,,,
112,3 DTP 31.2.19/9,lettre,Conseil d'Etat du canton de Vaud,"Grand Bailli, Vice Grand Bailli, Conseil d'Etat",17/08/1818,Lausanne,"La somme de 26,039 francs et 3089 quarterons de grains ont été récolté pour le Valais.
L'argent et le grain seront amenée par M.  Bauer.",AEV-3-DTP-31-2-19-9,AEV-3-DTP-31-2-19-9_001.jpg,AEV-3-DTP-31-2-19-9_002.jpg,,,,,,,,,,,,,
113,3 DTP 31.2.19/12,note,"Gonthier, receveur",-,22/08/1818,Aigle,"Note des denrées et effets faisant partie de la collecte liée dans les cercles d'Aigle, Bex-Ollon en faveur des Valaisans qui ont souffert de l'inondation.",AEV-3-DTP-31-2-19-12,AEV-3-DTP-31-2-19-12_001.jpg,AEV-3-DTP-31-2-19-12_002.jpg,,,,,,,,,,,,,
114,3 DTP 31.2.19/15,lettre,Conseil d'Etat du canton de Vaud,Conseil d'Etat,17/11/1818,Lausanne,"Ils autorisent le Bailli à utiliser le quart de la somme donnée pour construire une galerie d'écoulement des eaux, pour éviter qu'une catastrophe ne se reproduise.",AEV-3-DTP-31-2-19-15,,,,,,,,,,,,,,,
115,3 DTP 31.2.19/16,lettre,Conseil d'Etat du canton de Vaud,"Grand Bailli, Vice Grand Bailli, Conseil d'Etat",10/11/1818,Lausanne,Remerciement d'avoir envoyé la publication des compte du Comité de bienfaisance.,AEV-3-DTP-31-2-19-16,AEV-3-DTP-31-2-19-16_001.jpg,,,,,,,,,,,,,,
116,3 DTP 31.3.1/1,lettre,Tailleyrand,Grand Bailli,14/07/1818,Berne,Le duc et la duchesse de Berry offre 2000.- aux victimes de l'inondation.,AEV-3-DTP-31-3-1-1,AEV-3-DTP-31-3-1-1_001.jpg,AEV-3-DTP-31-3-1-1_002.jpg,AEV-3-DTP-31-3-1-1_003.jpg,,,,,,,,,,,,
117,3 DTP 31.3.2/1,lettre,Monnot Landamman,Grand Bailli,25/06/1818,Lausanne,"Il recommande Monseiur Greathed, anglais établi à Lausanne au grand bailli",AEV-3-DTP-31-3-2-1,AEV-3-DTP-31-3-2-1_001.jpg,,,,,,,,,,,,,,
118,3 DTP 31.3.2/2,lettre,"Stratfford Canning, ambassadeur",Grand Bailli,29/06/1818,La Chablière pres Lausanne,"Il a ouvert une souscription anglaise pour venir en aide au Valais.
Il a déjà reçu environ 100 louis.",AEV-3-DTP-31-3-2-2,AEV-3-DTP-31-3-2-2_001.jpg,AEV-3-DTP-31-3-2-2_002.jpg,,,,,,,,,,,,,
119,3 DTP 31.3.2/4,lettre,Gay,Grand Bailli,21/08/1818,Bain(?),"Il inclut une lettre confidentielle pour le Conseil d'Etat.
Cette lettre mentionne la souscription ouverte par M. de la Chaumette et demande que le Conseil d'Etat lui envoie une lettre de remerciement.",AEV-3-DTP-31-3-2-4,AEV-3-DTP-31-3-2-4_001.jpg,AEV-3-DTP-31-3-2-4_002.jpg,AEV-3-DTP-31-3-2-4_003.jpg,AEV-3-DTP-31-3-2-4_004.jpg,AEV-3-DTP-31-3-2-4_005.jpg,,,,,,,,,,
120,3 DTP 31.3.2/5,lettre,"Strafford Canning, ambassadeur",Grand Bailli,05/10/1818,Lausanne,La souscription est fermée. Ils ont récolté 14095 francs de France.,AEV-3-DTP-31-3-2-5,AEV-3-DTP-31-3-2-5_001.jpg,AEV-3-DTP-31-3-2-5_002.jpg,,,,,,,,,,,,,
121,3 DTP 31.3.2/6,lettre,Greathed Edouard,Grand Bailli,17/10/1818,Lausanne,Il y a 1757.- en plus de la somme annoncée pour la souscription,AEV-3-DTP-31-3-2-6,AEV-3-DTP-31-3-2-6_001.jpg,,,,,,,,,,,,,,
122,3 DTP 31.3.2/7,compte,"Stratford Canning, ambassadeur",-,-,-,"Compte général de la souscription en faveur des habitans de la vallée de Bagne et de St. Brancher  et Martigny, en Vallais établie par le comité anglais sous la présidence de son excellence  Monsieur Stratford Canning.",AEV-3-DTP-31-3-2-7,AEV-3-DTP-31-3-2-7_001.jpg,AEV-3-DTP-31-3-2-7_002.jpg,AEV-3-DTP-31-3-2-7_003.jpg,AEV-3-DTP-31-3-2-7_004.jpg,,,,,,,,,,,
123,3 DTP 31.3.2/8,compte,"Stratford Canning, ambassadeur",-,-,-,"Compte général de la souscription en faveur des habitans de la Vallée de Bagnes, de St Brancher & Martigny en Vallais, établie par le comité anglais sous la présidence de son Excellence Strafford Canning à Lausanne",AEV-3-DTP-31-3-2-8,AEV-3-DTP-31-3-2-8_001.jpg,AEV-3-DTP-31-3-2-8_002.jpg,AEV-3-DTP-31-3-2-8_003.jpg,AEV-3-DTP-31-3-2-8_004.jpg,AEV-3-DTP-31-3-2-8_005.jpg,AEV-3-DTP-31-3-2-8_006.jpg,,,,,,,,,
124,3 DTP 31.3.2/9,lettre,Milton,Grand Bailli,29/10/1818,Au lion d'Or,"Il voulait donner de l'argent, mais la souscription était déjà fermée.
Il demande si c'est possible de la rouvrir.",AEV-3-DTP-31-3-2-9,AEV-3-DTP-31-3-2-9_001.jpg,AEV-3-DTP-31-3-2-9_002.jpg,,,,,,,,,,,,,
125,3 DTP 31.3.2/10,reçu,Conseil d'Etat,Milton,25/04/1819,Sion,"Il reconnait avoir reçu de Lord Milton la somme de 246 livres, quize sols de Suisse",AEV-3-DTP-31-3-2-10,AEV-3-DTP-31-3-2-10_001.jpg,AEV-3-DTP-31-3-2-10_002.jpg,,,,,,,,,,,,,
126,3 DTP 28.2.27,lettre,"Du Fay, Président du dizain de Monthey",Grand Bailli,21/06/1818,Monthey,"Les bois chariés par le Rhône et leur vente.
Mentionne une lettre datée du 21/06/1818 du vice-grand châtelain du dizain de Monthey.",AEV-3-DTP-28-2-27,AEV-3-DTP-28-2-27_001.jpg,AEV-3-DTP-28-2-27_002.jpg,,,,,,,,,,,,,
127,3 DTP 30.2.1/2,lettre,"Fred Gard, Président du dizain d'Entremont",Conseil d'Etat,21/06/1818,Bagnes,"Notes concernant ses activités dans l'Entremont jour après jour, entre autres le rétablissement des communications.",AEV-3-DTP-30-2-1-2,images manquantes,,,,,,,,,,,,,,
128,3 DTP 30.2.1/8,lettre,Président de la commune de Liddes,"Charles d'Odet, Commissaire",25/06/1818,Liddes,"30 ouvriers ont été nommés pour aller travailler à l'ouverture de la route. Il y a des réfractaires, dont un riche commerçant, qu'il faut sanctionner.",AEV-3-DTP-30-2-1-8,images manquantes,,,,,,,,,,,,,,
130,3 DTP 30.3.2/13,rapport,Grand Bailli et D'Augustin,-,1822-1823,-,Divers rapports sur les travaux du Giétroz,AEV-3-DTP-30-3-2-13,images manquantes,,,,,,,,,,,,,,
131,"De Rivaz Famille, Rz 153",registre,Grand Bailli,-,1811-1823,-,Pièces relatives à l'adminisatration par le chancelier de Rivaz,AEV-De-Rivaz-Famille-Rz-153,AEV-De-Rivaz-Famille-Rz-153_062.jpg,AEV-De-Rivaz-Famille-Rz-153_063.jpg,AEV-De-Rivaz-Famille-Rz-153_064.jpg,AEV-De-Rivaz-Famille-Rz-153_065.jpg,AEV-De-Rivaz-Famille-Rz-153_066.jpg,AEV-De-Rivaz-Famille-Rz-153_067.jpg,AEV-De-Rivaz-Famille-Rz-153_068.jpg,AEV-De-Rivaz-Famille-Rz-153_069.jpg,AEV-De-Rivaz-Famille-Rz-153_070.jpg,AEV-De-Rivaz-Famille-Rz-153_071.jpg,,,,,
,AC Sembrancher P312/1,liste,-,-,-,-,Liste des personnes et animaux qui ont péri ainsi que les pertes et dommages qui ont eu lieu par l'inondation.,AEV-AC-Sembrancher-P-312-1,AEV-AC-Sembrancher-P-312-1_001.jpg,AEV-AC-Sembrancher-P-312-1_002.jpg,AEV-AC-Sembrancher-P-312-1_003.jpg,,,,,,,,,,,,
,AC Sembrancher P312/3,rapport,Commission chargée d'évaluer les pertes,-,-,-,Observations sur les cahiers de dommages de Sembrancher,AEV-AC-Sembrancher-P-312-3,AEV-AC-Sembrancher-P-312-3_001.jpg,AEV-AC-Sembrancher-P-312-3_002.jpg,AEV-AC-Sembrancher-P-312-3_003.jpg,AEV-AC-Sembrancher-P-312-3_004.jpg,,,,,,,,,,,
,AC Sembrancher P312/4,liste,-,-,-,-,Liste nominative des pertes,AEV-AC-Sembrancher-P-312-4,AEV-AC-Sembrancher-P-312-4_001.jpg,AEV-AC-Sembrancher-P-312-4_002.jpg,AEV-AC-Sembrancher-P-312-4_003.jpg,AEV-AC-Sembrancher-P-312-4_004.jpg,,,,,,,,,,,
,AC Saint-Maurice Pm 2058,arrêté,Vice président de Saint-Maurice,population de la commune de Saint-Maurice,24/06/1818,Saint-Maurice,Vente aux enchères des bois charriés par l'inondation,AEV-AC-Saint-Maurice-Pm-2058,AEV-AC-Saint-Maurice-Pm-2058_001.jpg,AEV-AC-Saint-Maurice-Pm-2058_002.jpg,,,,,,,,,,,,,
,AC Vouvry P 1363,état,-,-,-,-,Etat des ventes et des taxes faites dans le cadre de la vente des bois le 27 juin 1818.,AEV-AV-Vouvry-P-1363,AEV-AV-Vouvry-P-1363_001.jpg,AEV-AV-Vouvry-P-1363_002.jpg,AEV-AV-Vouvry-P-1363_003.jpg,AEV-AV-Vouvry-P-1363_004.jpg,,,,,,,,,,,
,Vieux-Monthey 2958,lettre,Grand Bailli,Delacoste,09/05/1818,Sion,Le Grand Bailli informe M. Delacoste qu'il est nommé membre de la commission qui est chargé de prendre des mesures concernant le Giétroz. L'autre membre de la commission est le châtelain Indenmatten.,AEV-Vieux-Monthey-2958,AEV-Vieux-Monthey-2958_001.jpg,AEV-Vieux-Monthey-2958_002.jpg,,,,,,,,,,,,,
,"AC Bagnes P791 / 1
",Cahier,Quartier du Châble,Troupes autrichienne,Juin 1815,-,"Cahier des fournitures faites aux troupes autrichiennes à Martigny, dans le courant de juin 1815, par le quartier du Châble.",AC-Bagnes-P-791-1,AC-Bagnes-P-791-1_000.jpg,AC-Bagnes-P-791-1_001.jpg,AC-Bagnes-P-791-1_002.jpg,AC-Bagnes-P-791-1_003.jpg,,,,,,,,,,,
,AC Bagnes P791 / 2,arrêté,Conseil d'état,Les distributions de tout genre,Juin 1815,-,"Arrêté du conseil d’Etat concernant la nomination d’une commission pour les distributions de tout genre, nécessitées par l’arrivée des troupes alliées qui, du consentement de la Diète fédérale, doivent passer dans ce pays. Le grand-bailli, De Sépibus. Copie conforme à l’original, Morand. Copie conforme à une autre copie, Luder, grand-châtelain.",AC-Bagnes-P-791-2,AC-Bagnes-P-791-2_001.jpg,AC-Bagnes-P-791-2_002.jpg,AC-Bagnes-P-792-2_003.jpg,,,,,,,,,,,,
,AC Bagnes P791 / 3,Lettre,Grand-Châtelain,Monsieur Gard,Juin 1815,-,"Lettre du grand-châtelain provisoire, Luder, à M. Gard, châtelain et président de la commune de Bagnes, lui communiquant un arrêté du conseil d’Etat pour les fournitures à faire aux troupes alliées qui, au nombre de 50'000 hommes, doivent passer par le Simplon.",AC-Bagnes-P-791-3,AC-Bagnes-P-791-3_001.jpg,AC-Bagnes-P-791-3_002.jpg,,,,,,,,,,,,,
,AC Bagnes P791 / 4,Lettre,Monsieur Gard,Vice-président du conseil de Bagnes,Juin 1815,-,"Lettre de M. Gard au vice-président du conseil de Bagnes, Deslarzes, lui annonçant l’arrivée de troupes autrichiennes ; il le prie de faire les réquisitions nécessaires, entre autres 12 vaches.",AC-Bagnes-P-791-4,AC-Bagnes-P-791-4_001.jpg,AC-Bagnes-P-791-4_002.jpg,,,,,,,,,,,,,
,AC Bagnes P791 / 5,Lettre,Grand-châtelain,Président de Bagnes,Juin 1815,-,"Lettre du grand-châtelain provisoire Luder au président de Bagnes Deslarzes, l’invitant à se transporter à Vollèges pour taxer les montures de cette commune en remplacement du taxateur officiel Jean-Georges Dorsaz, du Bourg, empêché.",AC-Bagnes-P-791-5,AC-Bagnes-P-791-5_001.jpg,AC-Bagnes-P-791-5_002.jpg,,,,,,,,,,,,,
,AC Bagnes P791 / 6,,Grand-châtelain,Président Deslarzes,Juin 1815,-,Le grand-châtelain Luder demande au président Deslarzes de lui donner une réponse au sujet de 10 mulets réquisitionnés par la commission.,AC-Bagnes-P-791-6,AC-Bagnes-P-791-6_001.jpg,AC-Bagnes-P-791-6_002.jpg,,,,,,,,,,,,,
,AC Bagnes P791 / 7,Ordre,Monsieur Luder,Vice-président de Bagnes,Juin 1815,-,"Ordre de réquisition donné par M. Luder au vice-président de Bagnes, Deslarzes, pour les fournitures à compléter en froment et en seigle. Luder.",AC-Bagnes-P-791-7,AC-Bagnes-P-791-7_001.jpg,AC-Bagnes-P-791-7_002.jpg,,,,,,,,,,,,,
,AC Bagnes P791 / 8,Ordre,Commune de Bagnes,Grand-châtelain d'Entremont,Juin 1815,-,"Ordre donné à la commune de Bagnes pour la fourniture à faire le soir même de 8 vaches, 50 quintaux de seigle et d’orge, fournitures demandées par le grand-châtelain d’Entremont. Il lui est aussi demandé le nombre de 10 mulets pour le service du parc.",AC-Bagnes-P-791-8,AC-Bagnes-P-791-8_001.jpg,,,,,,,,,,,,,,
,AC Bagnes P791 / 9,Ordre,Grand-châtelain Luder,Président Deslarzes,Juin 1815,-,Ordre donné au président Deslarzes par le grand-châtelain Luder de faire arriver pour le lendemain à Martigny le restant dû en seigle et orge pour compléter le contingent.,AC-Bagnes-P-791-9,AC-Bagnes-P-791-9_001.jpg,AC-Bagnes-P-791-9_002.jpg,,,,,,,,,,,,,
,AC Bagnes P791 / 10,Lettre,Monsieur Luder,Président de Bagnes Deslarzes,Juin 1815,-,"Lettre de M. Luder au président de Bagnes Deslarzes pour livraison de pommes de terre et d’orge ainsi que du bétail à Martigny, à fournir à l’armée.",AC-Bagnes-P-791-10,AC-Bagnes-P-791-10_001.jpg,,,,,,,,,,,,,,
,AC Bagnes P791 / 11,Lettre,,Président Deslarzes,Juin 1815,-,"Lettre au président Deslarzes de Bagnes au sujet de l’arrivée des troupes alliées, soit 26'000 hommes déjà sur place et 15'000 qui vont arriver. Il demande le complément du contingent imposé par la commission, en grain et en vaches.",AC-Bagnes-P-791-11,AC-Bagnes-P-791-11_001.jpg,AC-Bagnes-P-791-11_002.jpg,,,,,,,,,,,,,
,AC Bagnes P791 / 12,Ordre,,Président de Bagnes,Juin 1815,-,"Ordre de réquisition de 100 quintaux de foin donné au président de Bagnes en vue de l’arrivée de 3'000 hommes de cavalerie. Les membres de la commission : Darbellay, Morand, Gard, Germanier, Robatel.",AC-Bagnes-P-791-12,AC-Bagnes-P-791-12_001.jpg,AC-Bagnes-P-791-12_002.jpg,,,,,,,,,,,,,
,AC Bagnes P791 / 13,Etat armes,Grand-châtelain Vaudan,Fournies aux militaires de la commune,Janvier 1816,-,"Etat des armes fournies aux militaires de la commune, le 11ème de 1814, requises par le grand-châtelain Vaudan, ci-devant maire, conformément à sa liste donnée sous date du 18 janvier 1816.",AC-Bagnes-P-791-13,AC-Bagnes-P-791-13_001.jpg,AC-Bagnes-P-791-13_002.jpg,,,,,,,,,,,,,
,AC Bagnes P791 / 14,Liste armes,Commission,Fournies aux militaires de la commune,Janvier 1816,-,"Liste des armes fournies aux militaires de la commune, le 11 janvier 1814. Vaudan, ancien maire.",AC-Bagnes-P-791-14,AC-Bagnes-P-791-14_001.jpg,,,,,,,,,,,,,,
,AC Bagnes P796/6,Lettre,Ignace Venetz,Commission central à Bagnes,17/05/1818,Bonachis,"Venetz décrit les travaux réalisés et en donne les mesures (toises). Raconte, inquiet, les chutes de pierres et de neige et les avalanches de la nuit passée. Annonce les revendications des entrepreneurs et ouvriers. Nomme les ouvriers bagnards et leur village d'origine. Demande de transmettre ces informations au Conseil d'Etat et à Morand.",AC-Bagnes-P-796-6,AC-Bagnes-P-796-6_001.jpg,AC-Bagnes-P-796-6_002.jpg,,,,,,,,,,,,,
,AC Bagnes P796/8,Lettre,Ignace Venetz,Commission central à Bagnes,18/05/1818,Bonachis,"Venetz explique que l'eau entre dans la galerie avec force et que les ouvriers veulent partir. Considérations sur l'efficacité des travaux réalisés et à venir. N'a pas besoin de plus d'ouvriers pour le moment mais réclame des bottes. Constate qu'il est difficile de faire de nouveaux accords avec les entrepreneurs qui menacent de tout abandonner. Confie ""il faut courrir jour et nuit"". Note d'un tiers au verso sur la difficulté de trouver des bottes convenables et la possibilité d'envoyer des sabots et de nouveaux ouvriers à la place.",AC-Bagnes-P-796-8,AC-Bagnes-P-796-8_001.jpg,AC-Bagnes-P-796-8_002.jpg,,,,,,,,,,,,,
,AC Bagnes P796/9,Lettre,Ignace Venetz,Commission central à Bagnes,18/05/1818,Bonachis,"Venetz  a reçu des instruments de la part de Jean de Charpentier, directeur des Salines de Bex. Bien que celui-ci refuse son argent en retour, prie la Commission de lui envoyer quelque chose.",AC-Bagnes-P-796-9,AC-Bagnes-P-796-9_001.jpg,AC-Bagnes-P-796-9_002.jpg,,,,,,,,,,,,,
,AC Bagnes P796/10,Lettre,Ignace Venetz,Commission central à Bagnes,18/05/1818,Bonachis,"Venetz réitère sa demande de bottes, indispensables pour les ouvriers dans la galerie inondée",AC-Bagnes-P-796-10,AC-Bagnes-P-796-10_001.jpg,AC-Bagnes-P-796-10_002.jpg,,,,,,,,,,,,,
,AC Bagnes P830,Devis,"L'ingénieur du canton, Venetz",Construction à Mauvoisin,Juillet 1827,-,"Devis des ouvrages à exécuter pour la construction d’un pont en pierre à Mauvoisin, près du glacier inférieur du Giétroz, à Bagnes, proposé par l’ingénieur du canton, Venetz, avec croquis, et présentant seulement le montant de 900 francs.",AC-Bagnes-P-830,AC-Bagnes-P-830_001.jpg,AC-Bagnes-P-830_002.jpg,AC-Bagnes-P-830_003.jpg,,,,,,,,,,,,
,AC Bagnes P833,Examen,L'ingénieur Venetz,Construction Mauvoisin,Octobre 1828,-,"Examen du pont de Mauvoisin et observations à son sujet, par l’ingénieur Venetz.",AC-Bagnes-P-833,AC-Bagnes-P-833_001.jpg,AC-Bagnes-P-833_002.jpg,,,,,,,,,,,,,
,AC Bagnes P1063 / 1,Lettre,Président de Martigny Morand,"Monsieur Gard, président du dizain d'entremont",Mai 1818,-,"Lettre du président de Martigny Morand à M. Gard, président du dizain d’Entremont, au sujet de l’accélération des travaux de la galerie au glacier du Giétroz.",AC-Bagnes-P-1063-1,AC-Bagnes-P-1063-1_000.jpg,AC-Bagnes-P-1063-1_001.jpg,AC-Bagnes-P-1063-1_002.jpg,,,,,,,,,,,,
,AC Bagnes P1063 / 2,Lettre,Président du conseil de Martigny Morand,Aux membres de la commission,Mai 1818,-,"Lettre du président du conseil de Martigny Morand aux membres de la commission chargée de la surveillance des opérations relatives au lac du Giétroz, au sujet de l’établissement des signaux sur le chemin et sur le château, et de l’essai des armes afin de s’assurer qu’elles peuvent être entendues d’un poste à l’autre, et au sujet de l’état des travaux au lac du Giétroz.",AC-Bagnes-P-1063-2,AC-Bagnes-P-1063-2_000.jpg,AC-Bagnes-P-1063-2_001.jpg,AC-Bagnes-P-1063-4_002.jpg,,,,,,,,,,,,
,AC Bagnes P1063 / 4,Lettre,"Président du dizain de Monthey, Darbellay",A la commission chargé de la direction,Mai 1818,-,"Lettre du président du dizain de Monthey, Darbellay, à la commission chargée de la direction des travaux au glacier du Giétroz, sur la question des signaux, de l’envoi d’un député pour les deux dizains de Monthey et de Saint-Maurice, et enfin de la demande de fonds.",AC-Bagnes-P-1063-4,AC-Bagnes-P-1063-4_000.jpg,AC-Bagnes-P-1063-4_001.jpg,AC-Bagnes-P-1063-2_002.jpg,,,,,,,,,,,,
,AC Bagnes P1063 / 6,Registre,Commission de Bagnes avec l'état,,Mai 1818,-,"Registre de correspondance de la commission de Bagnes avec l’Etat, l’ingénieur Venetz, les dizains de Saint-Maurice et Monthey, en prévision de l’inondation que la rupture du glacier du Giétroz pourrait provoquer.",AC-Bagnes-P-1063-6,AC-Bagnes-P-1063-6_000.jpg,AC-Bagnes-P-1063-6_001.jpg,AC-Bagnes-P-1063-6_002.jpg,AC-Bagnes-P-1063-6_003.jpg,,,,,,,,,,,
,AC Bagnes P1063 / 7,Registre,Commissaires du gouvernement,Commission central à Bagnes,Septembre 1818,-,"Registre de comptes des dépenses et des recettes de la commission centrale établie à Bagnes en vertu de la lettre des commissaires du gouvernement du 14 mai 1818, pour les travaux du Giétroz.",AC-Bagnes-P-1063-7,AC-Bagnes-P-1063-7_000.jpg,AC-Bagnes-P-1063-7_001.jpg,AC-Bagnes-P-1063-7_007.jpg,,,,,,,,,,,,
,AC Bagnes P1063 / 13,Brouillon,La commune de Bagnes,Grand conseil,Août 1825,-,"Brouillon d’un rapport adressé au Grand conseil, par la commune de Bagnes, de la nouvelle débâcle arrivée dans la nuit du 5 au 6 août 1825, par suite des travaux exécutés au glacier du Giétroz, débâcle qui a emporté cinq ponts sur la Dranse et trois maisons du village de Lourtier.",AC-Bagnes-P-1063-13,AC-Bagnes-P-1063-13_000.jpg,AC-Bagnes-P-1063-13_001.jpg,AC-Bagnes-P-1063-13_002.jpg,,,,,,,,,,,,
,AC Bagnes P1063 / 16,,Le notaire Cyrille Gard,-,Mai 1945,Village de Champsec,"Relevé de différentes inscriptions faites dans le village de Champsec, relatives à l’inondation de 1818, relevé fait par le notaire Cyrille Gard en sa qualité d’archiviste communal.",AC-Bagnes-P-1063-16,AC-Bagnes-P-1063-16_000.jpg,AC-Bagnes-P-1063-16_001.jpg,AC-Bagnes-P-1063-16_002.jpg,,,,,,,,,,,,
,AC Bagnes P1064 / 98,Comptes,-,-,"1818
",-,Comptes de la commune de Bagnes.,AC-Bagnes-P-1064-98,AC-Bagnes-P-1064-98_001.jpg,AC-Bagnes-P-1064-98_002.jpg,AC-Bagnes-P-1064-98_003.jpg,AC-Bagnes-P-1064-98_004.jpg,,,,,,,,,,,
,AC Bagnes P1064 / 99,Comptes,-,-,1819,-,Comptes de la commune de Bagnes.,AC-Bagnes-P-1064-99,AC-Bagnes-P-1064-98_001.jpg,AC-Bagnes-P-1064-98_002.jpg,AC-Bagnes-P-1064-98_003.jpg,AC-Bagnes-P-1064-98_004.jpg,,,,,,,,,,,
,AC Bagnes P1097 / 2,Protocole,-,-,"Décembre 1824, Octobre 1826",-,Protocole des séances du conseil communal de Bagnes.,AC-Bagnes-P-1097-2,,,,,,,,,,,,,,,
